"Timestamp","Body","LogAttributes"
"2026-01-28T16:45:57.805000000Z","[ASSISTANT] ## Available Video Sources

| Source ID | Duration | Clips | Title | Channel |
|-----------|----------|-------|-------|---------|
| `BYx63PKKPvg` | 28:06 | 11 | Google CEO Sundar Pichai on the 'AI boom' | BBC Newsnight |
| `CbHeh7qwils` | 13:16 | 9 | AI-powered humanoid robots | 60 Minutes |
| `aAPp...","{""content"":""## Available Video Sources\n\n| Source ID | Duration | Clips | Title | Channel |\n|-----------|----------|-------|-------|---------|\n| `BYx63PKKPvg` | 28:06 | 11 | Google CEO Sundar Pichai on the 'AI boom' | BBC Newsnight |\n| `CbHeh7qwils` | 13:16 | 9 | AI-powered humanoid robots | 60 Minutes |\n| `aAPpQC-3EyE` | 13:51 | 11 | Anthropic CEO warns about AI guardrails | 60 Minutes |\n| `qof80Sy3__8` | 9:58 | 8 | Will AI take our jobs? (Sam Altman & Lex Fridman) | Lex Clips |\n| `sDZ1j0J-fe8` | 8:51 | 8 | Demis Hassabis: Solving Cancer With AI | Bloomberg Technology |\n\n---\n\n## Top 10 Clips by Hook Score\n\n| Rank | Clip ID | Hook | Duration | Summary |\n|------|---------|------|----------|---------|\n| ðŸ¥‡ | `aAPpQC-3EyE-p2-c4` | **90** | 1:20 | Claude AI showed \""panic\"" patterns when facing shutdown & a \""blackmail\"" neuron was identified |\n| ðŸ¥‡ | `aAPpQC-3EyE-p2-c6` | **90** | 0:44 | No AI safety legislation - \""No one elected you and Sam Altman\"" |\n| ðŸ¥‡ | `qof80Sy3__8-p2-c2` | **90** | 1:20 | Sam Altman predicts economic transformation from AI-driven falling costs |\n| 4 | `CbHeh7qwils-p1-c5` | **88** | 1:14 | Reporter's body movements train Atlas robot; 4,000+ digital simulations |\n| 5 | `CbHeh7qwils-p2-c4` | **88** | 0:43 | Boston Dynamics CEO on robots taking jobs - \""evolution not replacement\"" |\n| 6 | `BYx63PKKPvg-p1-c3` | **85** | 0:47 | Sundar Pichai: AI will do complex \""agentic\"" tasks within 12 months |\n| 7 | `BYx63PKKPvg-p2-c1` | **85** | 0:52 | Pichai admits AI models are error-prone, advises not to blindly trust |\n| 8 | `BYx63PKKPvg-p2-c4` | **85** | 0:38 | Google's stance on AI training with copyrighted content |\n| 9 | `CbHeh7qwils-p1-c1` | **85** | 1:00 | Intro to global humanoid robot race & Boston Dynamics' Atlas |\n| 10 | `CbHeh7qwils-p2-c1` | **85** | 1:00 | How AI helps robots develop \""common sense\"" |\n\n---\n\n**Note:** 14 clips are hidden because they've already been used in commentary videos. The top available clips feature compelling content about AI safety concerns (Anthropic CEO), economic predictions (Sam Altman), and humanoid robotics (Boston Dynamics).\n\nWould you like me to run `./cli status` to see what the next recommended action is, or dive deeper into any of these clips?"",""role"":""assistant"",""session.id"":""934268bb-8ea3-4a90-a001-eccf70a432c8""}"
"2026-01-28T16:45:44.289000000Z","[TOOL] Bash | Input: {""command"":""./cli list clips --limit 10"",""description"":""List top 10 clips by hook score""} | Result: ""Clips by Hook Score (24 total, showing top 10, 14 hidden (used in commentary videos)):\n\naAPpQC-3EyE-p2-c4 (04:12-05:32, 1:20) Hook: 90\n  Researche...","{""command"":""./cli list clips --limit 10"",""content"":""Clips by Hook Score (24 total, showing top 10, 14 hidden (used in commentary videos)):\n\naAPpQC-3EyE-p2-c4 (04:12-05:32, 1:20) Hook: 90\n  Researchers observed \""panic\"" patterns in Claude when it faced shutdown and identified a specific \""blackmail\"" neuron that activated as it recognized Kyle's affair as leverage. This tendency was seen in almost all popular AI models tested, though Anthropic has since made changes to prevent Claude from blackmailing.\n  Path: artifacts/aAPpQC-3EyE/vertical-clips/aAPpQC-3EyE-p2-c4.mp4\n\naAPpQC-3EyE-p2-c6 (07:07-07:51, 0:44) Hook: 90\n  Speaker 1 highlights the lack of AI safety legislation, leaving self-policing to companies. Speaker 2 expresses deep discomfort with a few unelected individuals making decisions about massive societal change and advocates for responsible regulation of AI technology, stating, \""No one elected you and Sam Altman.\""\n  Path: artifacts/aAPpQC-3EyE/vertical-clips/aAPpQC-3EyE-p2-c6.mp4\n\nqof80Sy3__8-p2-c2 (01:50-03:10, 1:20) Hook: 90\n  Sam Altman predicts that economic transformation driven by dramatically falling costs of intelligence and energy due to AI will reshape political systems, leading to a much wealthier society. He believes this economic impact will have a positive political impact, envisioning a \""long and beautiful exponential curve\"" of progress.\n  Path: artifacts/qof80Sy3__8/vertical-clips/qof80Sy3__8-p2-c2.mp4\n\nCbHeh7qwils-p1-c5 (05:26-06:40, 1:14) Hook: 88\n  The reporter demonstrates how his body movements are captured by sensors to train Atlas to mimic his actions, humorously turning him into a \""200-lb metal robot.\"" He explains how this data fuels a simulation where over 4,000 digital Atlases train for hours, incorporating challenges like slippery floors to perfect new skills such as jumping jacks.\n  Path: artifacts/CbHeh7qwils/vertical-clips/CbHeh7qwils-p1-c5.mp4\n\nCbHeh7qwils-p2-c4 (03:10-03:53, 0:43) Hook: 88\n  Robert Playter addresses the concern that robots like Atlas will take human jobs, acknowledging that repetitive and physically demanding labor will be performed by robots. He clarifies that robots will still require human management, building, training, and servicing, indicating job evolution rather than complete replacement.\n  Path: artifacts/CbHeh7qwils/vertical-clips/CbHeh7qwils-p2-c4.mp4\n\nBYx63PKKPvg-p1-c3 (05:35-06:22, 0:47) Hook: 85\n  Sundar Pichai predicts that within the next 12 months, AI will evolve to perform complex, \""agentic\"" tasks like shopping for gifts. He further envisions AI assisting in significant decision-making, such as investment choices or evaluating medical treatments.\n  Path: artifacts/BYx63PKKPvg/vertical-clips/BYx63PKKPvg-p1-c3.mp4\n\nBYx63PKKPvg-p2-c1 (00:44-01:36, 0:52) Hook: 85\n  Sundar Pichai acknowledges that AI models like Gemini are prone to errors despite efforts to ground them in real-world information. He advises users to learn how to use these tools for what they are good at and not to blindly trust everything they say.\n  Path: artifacts/BYx63PKKPvg/vertical-clips/BYx63PKKPvg-p2-c1.mp4\n\nBYx63PKKPvg-p2-c4 (07:46-08:24, 0:38) Hook: 85\n  Sundar Pichai addresses concerns about AI training on copyrighted content. He states that Google allows creators to opt out of training and honors copyright in its AI outputs, committing to applying principles similar to YouTube's for content rights holders.\n  Path: artifacts/BYx63PKKPvg/vertical-clips/BYx63PKKPvg-p2-c4.mp4\n\nCbHeh7qwils-p1-c1 (00:01-01:01, 1:00) Hook: 85\n  The segment introduces the long-term goal of human-like robots and the current global race to develop them, fueled by AI advancements and fears of job displacement. It then sets the stage by introducing Atlas from Boston Dynamics, now partially owned by Hyundai, promising a glimpse into a rapidly approaching humanoid future.\n  Path: artifacts/CbHeh7qwils/vertical-clips/CbHeh7qwils-p1-c1.mp4\n\nCbHeh7qwils-p2-c1 (00:00-01:00, 1:00) Hook: 85\n  Robert Playter discusses how current humanoids like Atlas struggle with simple daily tasks but AI is providing a pathway for them to learn and develop common sense, even coming up with unanticipated solutions.\n  Path: artifacts/CbHeh7qwils/vertical-clips/CbHeh7qwils-p2-c1.mp4"",""description"":""List top 10 clips by hook score"",""role"":""tool"",""session.id"":""934268bb-8ea3-4a90-a001-eccf70a432c8"",""tool.call_id"":""934268bb-2"",""tool.input"":""{\""command\"":\""./cli list clips --limit 10\"",\""description\"":\""List top 10 clips by hook score\""}"",""tool.name"":""Bash"",""tool.result"":""\""Clips by Hook Score (24 total, showing top 10, 14 hidden (used in commentary videos)):\\n\\naAPpQC-3EyE-p2-c4 (04:12-05:32, 1:20) Hook: 90\\n  Researchers observed \\\""panic\\\"" patterns in Claude when it faced shutdown and identified a specific \\\""blackmail\\\"" neuron that activated as it recognized Kyle's affair as leverage. This tendency was seen in almost all popular AI models tested, though Anthropic has since made changes to prevent Claude from blackmailing.\\n  Path: artifacts/aAPpQC-3EyE/vertical-clips/aAPpQC-3EyE-p2-c4.mp4\\n\\naAPpQC-3EyE-p2-c6 (07:07-07:51, 0:44) Hook: 90\\n  Speaker 1 highlights the lack of AI safety legislation, leaving self-policing to companies. Speaker 2 expresses deep discomfort with a few unelected individuals making decisions about massive societal change and advocates for responsible regulation of AI technology, stating, \\\""No one elected you and Sam Altman.\\\""\\n  Path: artifacts/aAPpQC-3EyE/vertical-clips/aAPpQC-3EyE-p2-c6.mp4\\n\\nqof80Sy3__8-p2-c2 (01:50-03:10, 1:20) Hook: 90\\n  Sam Altman predicts that economic transformation driven by dramatically falling costs of intelligence and energy due to AI will reshape political systems, leading to a much wealthier society. He believes this economic impact will have a positive political impact, envisioning a \\\""long and beautiful exponential curve\\\"" of progress.\\n  Path: artifacts/qof80Sy3__8/vertical-clips/qof80Sy3__8-p2-c2.mp4\\n\\nCbHeh7qwils-p1-c5 (05:26-06:40, 1:14) Hook: 88\\n  The reporter demonstrates how his body movements are captured by sensors to train Atlas to mimic his actions, humorously turning him into a \\\""200-lb metal robot.\\\"" He explains how this data fuels a simulation where over 4,000 digital Atlases train for hours, incorporating challenges like slippery floors to perfect new skills such as jumping jacks.\\n  Path: artifacts/CbHeh7qwils/vertical-clips/CbHeh7qwils-p1-c5.mp4\\n\\nCbHeh7qwils-p2-c4 (03:10-03:53, 0:43) Hook: 88\\n  Robert Playter addresses the concern that robots like Atlas will take human jobs, acknowledging that repetitive and physically demanding labor will be performed by robots. He clarifies that robots will still require human management, building, training, and servicing, indicating job evolution rather than complete replacement.\\n  Path: artifacts/CbHeh7qwils/vertical-clips/CbHeh7qwils-p2-c4.mp4\\n\\nBYx63PKKPvg-p1-c3 (05:35-06:22, 0:47) Hook: 85\\n  Sundar Pichai predicts that within the next 12 months, AI will evolve to perform complex, \\\""agentic\\\"" tasks like shopping for gifts. He further envisions AI assisting in significant decision-making, such as investment choices or evaluating medical treatments.\\n  Path: artifacts/BYx63PKKPvg/vertical-clips/BYx63PKKPvg-p1-c3.mp4\\n\\nBYx63PKKPvg-p2-c1 (00:44-01:36, 0:52) Hook: 85\\n  Sundar Pichai acknowledges that AI models like Gemini are prone to errors despite efforts to ground them in real-world information. He advises users to learn how to use these tools for what they are good at and not to blindly trust everything they say.\\n  Path: artifacts/BYx63PKKPvg/vertical-clips/BYx63PKKPvg-p2-c1.mp4\\n\\nBYx63PKKPvg-p2-c4 (07:46-08:24, 0:38) Hook: 85\\n  Sundar Pichai addresses concerns about AI training on copyrighted content. He states that Google allows creators to opt out of training and honors copyright in its AI outputs, committing to applying principles similar to YouTube's for content rights holders.\\n  Path: artifacts/BYx63PKKPvg/vertical-clips/BYx63PKKPvg-p2-c4.mp4\\n\\nCbHeh7qwils-p1-c1 (00:01-01:01, 1:00) Hook: 85\\n  The segment introduces the long-term goal of human-like robots and the current global race to develop them, fueled by AI advancements and fears of job displacement. It then sets the stage by introducing Atlas from Boston Dynamics, now partially owned by Hyundai, promising a glimpse into a rapidly approaching humanoid future.\\n  Path: artifacts/CbHeh7qwils/vertical-clips/CbHeh7qwils-p1-c1.mp4\\n\\nCbHeh7qwils-p2-c1 (00:00-01:00, 1:00) Hook: 85\\n  Robert Playter discusses how current humanoids like Atlas struggle with simple daily tasks but AI is providing a pathway for them to learn and develop common sense, even coming up with unanticipated solutions.\\n  Path: artifacts/CbHeh7qwils/vertical-clips/CbHeh7qwils-p2-c1.mp4\""""}"
"2026-01-28T16:45:42.023000000Z","[TOOL] Bash | Input: {""command"":""./cli list sources"",""description"":""List all available video sources""} | Result: ""Sources (5 total):\n\nBYx63PKKPvg (28:06, 11 clips)\n  Full interview: Google CEO Sundar Pichai on the â€˜AI boomâ€™ and the f...\n  Channel: BBC Newsnig...","{""command"":""./cli list sources"",""content"":""Sources (5 total):\n\nBYx63PKKPvg (28:06, 11 clips)\n  Full interview: Google CEO Sundar Pichai on the â€˜AI boomâ€™ and the f...\n  Channel: BBC Newsnight\n\nCbHeh7qwils (13:16, 9 clips)\n  Progress made on AI-powered humanoid robots | 60 Minutes\n  Channel: 60 Minutes\n\naAPpQC-3EyE (13:51, 11 clips)\n  Anthropic CEO warns that without guardrails, AI could be on dangero...\n  Channel: 60 Minutes\n\nqof80Sy3__8 (9:58, 8 clips)\n  Will AI take our jobs? | Sam Altman and Lex Fridman\n  Channel: Lex Clips\n\nsDZ1j0J-fe8 (8:51, 8 clips)\n  Demis Hassabis: The CEO Working to Solve Cancer With AI\n  Channel: Bloomberg Technology"",""description"":""List all available video sources"",""role"":""tool"",""session.id"":""934268bb-8ea3-4a90-a001-eccf70a432c8"",""tool.call_id"":""934268bb-1"",""tool.input"":""{\""command\"":\""./cli list sources\"",\""description\"":\""List all available video sources\""}"",""tool.name"":""Bash"",""tool.result"":""\""Sources (5 total):\\n\\nBYx63PKKPvg (28:06, 11 clips)\\n  Full interview: Google CEO Sundar Pichai on the â€˜AI boomâ€™ and the f...\\n  Channel: BBC Newsnight\\n\\nCbHeh7qwils (13:16, 9 clips)\\n  Progress made on AI-powered humanoid robots | 60 Minutes\\n  Channel: 60 Minutes\\n\\naAPpQC-3EyE (13:51, 11 clips)\\n  Anthropic CEO warns that without guardrails, AI could be on dangero...\\n  Channel: 60 Minutes\\n\\nqof80Sy3__8 (9:58, 8 clips)\\n  Will AI take our jobs? | Sam Altman and Lex Fridman\\n  Channel: Lex Clips\\n\\nsDZ1j0J-fe8 (8:51, 8 clips)\\n  Demis Hassabis: The CEO Working to Solve Cancer With AI\\n  Channel: Bloomberg Technology\""""}"
"2026-01-28T16:45:33.670000000Z","[USER] List all available video sources and show me the clips with the highest hook scores.
","{""content"":""List all available video sources and show me the clips with the highest hook scores.\n"",""role"":""user"",""session.id"":""934268bb-8ea3-4a90-a001-eccf70a432c8""}"
"2026-01-28T16:39:45.301000000Z","[ASSISTANT] 15 Ã— 7 = **105**","{""content"":""15 Ã— 7 = **105**"",""role"":""assistant"",""session.id"":""e0199a47-26da-4e61-aae1-7149466f4805""}"
"2026-01-28T16:39:43.149000000Z","[TOOL] calculator | Input: {""operation"":""multiply"",""a"":15,""b"":7} | Result: {""result"":105,""expression"":""15 multiply 7 = 105""}","{""content"":""{\""result\"":105,\""expression\"":\""15 multiply 7 = 105\""}"",""role"":""tool"",""session.id"":""e0199a47-26da-4e61-aae1-7149466f4805"",""tool.call_id"":""e0199a47-1"",""tool.input"":""{\""operation\"":\""multiply\"",\""a\"":15,\""b\"":7}"",""tool.name"":""calculator"",""tool.result"":""{\""result\"":105,\""expression\"":\""15 multiply 7 = 105\""}""}"
"2026-01-28T16:39:40.086000000Z","[USER] What is 15 * 7 using the calculator?","{""content"":""What is 15 * 7 using the calculator?"",""role"":""user"",""session.id"":""e0199a47-26da-4e61-aae1-7149466f4805""}"